Actual,Predicted
134307.35,127344.29264044802
81005.76,82437.74546986833
99937.59,98281.4795680048
64926.08,46175.16330240373
125370.37,130421.56872814786
35673.41,45742.6888774749
105733.54,110389.35458722775
107404.34,101505.96760163095
97427.84,97001.5729493583
122776.86,113134.76052810521
